{"cameraMode":{"drawMode":0,"name":"Shaded","section":"Shading Mode"},"sceneLighting":true,"audioPlay":false,"sceneViewState":{"m_AlwaysRefresh":false,"showFog":true,"showSkybox":true,"showFlares":true,"showImageEffects":true,"showParticleSystems":true,"showVisualEffectGraphs":true,"m_FxEnabled":false},"in2DMode":false,"pivot":{"x":0.04934623837471008,"y":1.4074499607086182,"z":44.332794189453128},"rotation":{"x":0.06174970045685768,"y":0.018863221630454065,"z":-0.0011666405480355025,"w":0.9979150891304016},"size":1.86155366897583,"orthographic":true}