{"cameraMode":{"drawMode":0,"name":"Shaded","section":"Shading Mode"},"sceneLighting":false,"audioPlay":false,"sceneViewState":{"m_AlwaysRefresh":false,"showFog":true,"showSkybox":false,"showFlares":true,"showImageEffects":true,"showParticleSystems":true,"showVisualEffectGraphs":true,"m_FxEnabled":false},"in2DMode":false,"pivot":{"x":-0.44757306575775149,"y":0.03567838668823242,"z":1.2531923055648804},"rotation":{"x":0.06430753320455551,"y":-0.24039161205291749,"z":0.015948249027132989,"w":0.9685094356536865},"size":0.6849120259284973,"orthographic":false}