{"cameraMode":{"drawMode":0,"name":"Shaded","section":"Shading Mode"},"sceneLighting":false,"audioPlay":false,"sceneViewState":{"m_AlwaysRefresh":false,"showFog":false,"showSkybox":false,"showFlares":false,"showImageEffects":false,"showParticleSystems":false,"showVisualEffectGraphs":true,"m_FxEnabled":false},"in2DMode":false,"pivot":{"x":-0.0028830636292696,"y":0.010723259299993515,"z":-0.000048402114771306515},"rotation":{"x":0.34910327196121218,"y":-0.6230897903442383,"z":0.3636762797832489,"w":0.5981926321983337},"size":0.012683969922363758,"orthographic":false}