{"cameraMode":{"drawMode":0,"name":"Shaded","section":"Shading Mode"},"sceneLighting":false,"audioPlay":false,"sceneViewState":{"m_AlwaysRefresh":false,"showFog":true,"showSkybox":false,"showFlares":true,"showImageEffects":true,"showParticleSystems":true,"showVisualEffectGraphs":true,"m_FxEnabled":false},"in2DMode":false,"pivot":{"x":-0.2768712043762207,"y":2.2503786087036135,"z":0.00976597610861063},"rotation":{"x":0.19406218826770783,"y":0.011478295549750328,"z":-0.002323723863810301,"w":0.9810107946395874},"size":3.382129430770874,"orthographic":false}