{"cameraMode":{"drawMode":0,"name":"Shaded","section":"Shading Mode"},"sceneLighting":false,"audioPlay":false,"sceneViewState":{"m_AlwaysRefresh":false,"showFog":true,"showSkybox":false,"showFlares":true,"showImageEffects":true,"showParticleSystems":true,"showVisualEffectGraphs":true,"m_FxEnabled":false},"in2DMode":false,"pivot":{"x":0.3165323734283447,"y":0.036669276654720309,"z":1.028540849685669},"rotation":{"x":0.059128373861312869,"y":-0.5733004212379456,"z":0.0415058359503746,"w":0.8162739872932434},"size":0.10144871473312378,"orthographic":false}