{"cameraMode":{"drawMode":0,"name":"Shaded","section":"Shading Mode"},"sceneLighting":false,"audioPlay":false,"sceneViewState":{"m_AlwaysRefresh":false,"showFog":true,"showSkybox":false,"showFlares":true,"showImageEffects":true,"showParticleSystems":true,"showVisualEffectGraphs":true,"m_FxEnabled":false},"in2DMode":false,"pivot":{"x":0.2334321141242981,"y":1.4239146709442139,"z":-0.6898270845413208},"rotation":{"x":0.013728393241763115,"y":-0.7989680171012878,"z":0.018201220780611039,"w":0.6011038422584534},"size":1.3263399600982667,"orthographic":false}