{"cameraMode":{"drawMode":0,"name":"Shaded","section":"Shading Mode"},"sceneLighting":false,"audioPlay":false,"sceneViewState":{"m_AlwaysRefresh":false,"showFog":true,"showSkybox":false,"showFlares":true,"showImageEffects":true,"showParticleSystems":true,"showVisualEffectGraphs":true,"m_FxEnabled":false},"in2DMode":false,"pivot":{"x":0.30184364318847659,"y":-0.05466461181640625,"z":-0.4368307590484619},"rotation":{"x":0.41869354248046877,"y":-0.5559913516044617,"z":0.38366857171058657,"w":0.6070467829704285},"size":17.578845977783204,"orthographic":true}